instruction,response,label
What is the purpose of an immutable object in Python?,"The purpose of an immutable object in Python is to make sure that once an object is created, it cannot be modified. This is useful when data must not change between multiple parts of a program. Immutable objects can also help ensure thread safety by preventing different threads from modifying the same data.",
"Convert this string from snake_case to CamelCase. snake_case_string = ""example_string""",camelCaseString = ''.join(x.capitalize() or '_' for x in snake_case_string.split('_')),
Write a query to display the average age of the students. Table Name: Students,SELECT AVG(Age) FROM Students;,
Write an HTML code for a form to submit data.,"<form action=""script.php"" method=""post"">
    <input type=""text"" name=""name"" placeholder=""Name"">
    <input type=""email"" name=""email"" placeholder=""Email"">
    <input type=""submit"" value=""Submit"">
</form>",
"Complete the given function to print the Cartesian product of two sets. A = {0, 1, 2}
B = {3, 4, 5, 6}

def cartesian_product(A, B):","A = {0, 1, 2}
B = {3, 4, 5, 6}

def cartesian_product(A, B):
	C = set()
	for a in A:
		for b in B:
			C.add((a, b))
	return C",
"Write a Python program that reads a list of words and prints the most frequently used one. ['apple', 'banana', 'orange', 'apple']","""""""
Program to read a list of words and print the most frequently used one

Input: List of words
Output: Most frequently used word
""""""

def most_freq_word(words): 
    # Create an empty dictionary 
    freq = {} 
  
    # Iterate over the list of words 
    for word in words: 
        # Check if word is already present in the freq dictionary 
        if (word in freq): 
            #Increment the count of word 
            freq[word] += 1
        else: 
            # Add it to the dictionary with a count of one 
            freq[word] = 1
  
    # Get the count of most frequent word 
    max_count = max(freq.values()) 
  
    # Loop over words and return the most frequent one 
    for key, value in freq.items(): 
        if value == max_count: 
            return key 


if __name__ == '__main__': 
    # Input
    words = ['apple', 'banana', 'orange', 'apple']

    # Result
    print(most_freq_word(words))",
Create a for loop in Python for the range between 0 and 10.,"for i in range(0,11):
	print(i)",
"Access the third element from a list. my_list = [1,2,3,4,5]",element = my_list[2],
Write a SVG code to create a circle with red radius of 25px.,"<svg width=""50"" height=""50"">
  <circle cx=""25"" cy=""25"" r=""25"" fill=""red"" />
</svg>",
"Find the maximum of following array. [4,1,7,9,3]",max = 9,
"Choose the correct output for following code snippet. x = ""hello world""
y = x
y[0] = ""H""","x = ""Hello world""",
Write a code to find the square of the first n numbers.,"def square_of_first_n_number(n):
    """"""Find the square of the first n numbers""""""
    
    # Initialize an empty list
    squares = []

    # Iterate to the first n numbers
    for i in range(n):
        # Compute the square and append to the list
        squares.append(i * i)

    return squares",
Design a program to compute the median of 3 integers.,"def median(a,b,c):
    if a >= b:
        if c >= a:
            return a
        elif b >= c:
            return b
        else:
            return c
    else:
        if c >= b:
            return b
        elif a >= c:
            return a
        else:
            return c",
"Write a function in Python that takes a string and a set of characters as inputs and removes all characters in the string that are in the set. string = ""Hello, world!""
charset = [""o"", ""!""]","def removeChars(string, charset):
	result = """"
	for c in string:
		if c not in charset:
			result += c
	return result",
Create a 3D scatterplot in Python to visualize 3 different datasets.,"import matplotlib.pyplot as plt
from mpl_toolkits.mplot3d import Axes3D

x1 = np.array([1,2,3,4,5])
y1 = np.array([2,3,4,5,6])
z1 = np.array([3,4,5,6,7])

x2 = np.array([10,11,12,13,14])
y2 = np.array([20,21,22,23,24])
z2 = np.array([40,41,42,43,44])

x3 = np.array([100,200,300,400,500])
y3 = np.array([200,400,600,800,1000])
z3 = np.array([1,2,3,4,5])

fig = plt.figure()
ax = fig.add_subplot(111, projection='3d')
ax.scatter(x1, y1, z1, c='r', marker='o', label='dataset1')
ax.scatter(x2, y2, z2, c='y', marker='^', label='dataset2')
ax.scatter(x3, y3, z3, c='g', marker='d', label='dataset3')
ax.legend()

plt.show()",
"Compute the entropy of a given probability distribution. Distribution: [2/9, 3/9, 4/9]","import math

# Calculates the entropy of the given distribution
entropy = -sum([p * math.log2(p) for p in distribution])",
"Write a SQL query to find the number of employees in the Department table with a salary greater than 50,000.","SELECT COUNT(*) 
FROM Department
WHERE salary > 50000;",
Create a dictionary with key as the string and values as the number of occurrences of the respective character in a given string. mystring,"dict = {
    'm': 1,
    'y': 1,
    's': 1,
    't': 1,
    'r': 1,
    'i': 1,
    'n': 1,
    'g': 1
}",
Find the longest substring with non-repeating characters,"def longest_substring(string):
    # Initialize the max length and the substring
    max_length = 0
    substring = ''

    # Create an empty set to store previously seen characters
    char_set = set()

    # Iterate over the string
    for char in string:
        # If the character hasn't already been seen,
        if char not in char_set:
            # add it to the set
            char_set.add(char)
            # and extend the substring
            substring += char
        else:
            # if the character has already been seen
            # check whether the current substring is longer than the current max length
            if len(substring) > max_length:
                max_length = len(substring)
            # Clear the set and the substring
            char_set.clear()
            substring = ''

    # Check the last substring
    if len(substring) > max_length:
        max_length = len(substring)
    
    return max_length",
"In Python, how could you print a list from the last element to the first element?","for element in reversed(my_list):
    print(element)",
"Write code to print the following data structure in an easily readable format. data = {
  ""name"": ""John Smith"",
  ""age"": 35,
  ""languages"": [""Python"", ""JavaScript"", ""SQL""]
}","print('Name: {}'.format(data['name']))
print('Age: {}'.format(data['age']))
print('Languages: {}'.format(', '.join(data['languages'])))",
"Suggest a linear search algorithm for the following task. Given a list of numbers, search for the number 6 in the list and return its position.","The best linear search algorithm to use for this task is the linear search algorithm. In the linear search algorithm, the list is looped through and each element is compared to the target. If the item is found, its position is returned.",
Create a RegEx pattern to match a text string with a pattern string.,"pattern = re.compile(r""patternstring"")",
Write a Java method to swap of two integer values.,"public static void swap(int x, int y){
    int temp = x;
    x = y;
    y = temp;
}",
"In the following code, modify the function to take the type of an argument as an input and perform the necessary conversion before returning the result. def get_string(input): 
    return str(input)","def get_string(input, type): 
    if type == 'int':
        return str(int(input))
    elif type == 'float':
        return str(float(input))
    elif type == 'str':
        return str(input)",
"Given the below array, find all the elements that are greater than 6. arr = [3, 5, 8, 1, 9, 6]","let result = arr.filter(el => el > 6); 
// result is [8, 9]",
Write a Python Function to implement the game of Tic-Tac-Toe.,"class GameState:
    def __init__(self):
        self.board = [[None, None, None],
                      [None, None, None],
                      [None, None, None]
        ]
    
    def is_game_over(self):
        b = self.board
        # Check if a player won
        if b[0][0] == b[0][1] == b[0][2] != None or b[1][0] == b[1][1] == b[1][2] != None or b[2][0] == b[2][1] == b[2][2] != None:
            return True
        elif b[0][0] == b[1][0] == b[2][0] != None or b[0][1] == b[1][1] == b[2][1] != None or b[0][2] == b[1][2] == b[2][2] != None:
            return True
        elif b[0][0] == b[1][1] == b[2][2] != None or b[0][2] == b[1][1] == b[2][0] != None:
            return True
        # Check if the board is full
        elif any(None in row for row in b):
            return False
        # All positions filled, no winner
        else:
            return True",
"Given a list of strings, write a Python program to capitalize the first letter of each word. words = ['The', 'quick', 'brown', 'fox']","capitalized_words = [word.capitalize() for word in words]
print(capitalized_words) # Output: ['The', 'Quick', 'Brown', 'Fox']",
"Write a code to replace a substring inside a string with another substring. string = ""I am coding in python""
substring1 = ""coding""
substring2 = ""hacking""","def replaceSubstring(string, substring1, substring2): 
    string = string.replace(substring1, substring2) 
    return string  
  
# Driver code
string = ""I am coding in python""
substring1 = ""coding""
substring2 = ""hacking""
print(""String after replacement is:"", replaceSubstring(string, substring1, substring2))",
"Create an algorithm that takes two numbers, a and b, and finds their greatest common divisor (GCD). a = 12, b = 18","// Algorithm to find the GCD of two numbers

// Function to find GCD 
function findGCD(a, b) { 
    // If both a and b are 0 
    if (a == 0 && b == 0) 
        return 0; 
  
    // If a is 0, GCD is b 
    if (a == 0) 
        return b; 
  
    // If b is 0, GCD is a 
    if (b == 0) 
        return a; 
  
    // Find GCD recursively 
    return findGCD(b, a % b); 
}

// Variable to hold a and b
var a = 12;
var b = 18;

// Find GCDs
var gcd = findGCD(a, b); 
  
// Print GCD
console.log(""The GCD of"", a, ""and"", b, ""is"", gcd);",
Classify the given data according to their type. hello,String,
"Place the missing code in the following Java program to print ""Hello World!"". public class HelloWorld {

public static void main(String[] args) {
~

}

}","public class HelloWorld {

public static void main(String[] args) {
 System.out.println(""Hello World!"");

}

}",
Create an SQL query to get the average of all the prices in the products table.,SELECT AVG(price) FROM products;,
Reverse a string without using any in-built Python functions. String: racecar,"rev_str = """"
for ch in string:
    rev_str = ch + rev_str
return rev_str",
"Design an HTML form to enter student name, age, and course.","<html>
    <head>
        <title>Student Info Form</title>
    </head>

    <body>
        <form action=""/submit"" method=""POST"">
            <label>Name:</label><br>
            <input type=""text"" name=""name""><br><br>
            
            <label>Age:</label><br>
            <input type=""number"" name=""age""><br><br>

            <label>Course:</label><br>
            <input type=""text"" name=""course""><br><br>

            <input type=""submit"" value=""Submit"">
        </form>
    </body>
</html>",
Write a JAVA program to display the list of numbers from 1 to 10,"public class NumberList { 
    public static void main(String[] args) 
    { 
        // Printing numbers from 1 to 10 
        for (int num = 1; num <= 10; num++) 
            System.out.println(num); 
    } 
}",
Write a line of code to input 10 numbers from the user.,"a = list(map(int, input(""Enter 10 numbers: "").split()))",
"Create a function in Python that takes a string as an input and returns a new string that is the reverse of the input string. string = ""Reverse Me""","def reverse_string(string):
    return string[::-1]

print(reverse_string(string))",
"Create a web page that contains three input boxes for a user to input name, age, and gender.","<html>
    <head>
        <title>Input Form</title>
    </head>
    <body>
        <form>
            Name:<br>
            <input type=""text"" name=""name""><br>
            Age:<br>
            <input type=""number"" name=""age""><br>
            Gender:<br>
            <input type=""radio"" name=""gender"" value=""male""> Male<br>
            <input type=""radio"" name=""gender"" value=""female""> Female<br><br>
            <input type=""submit"">
        </form>
    </body>
</html>",
"You are given a string of symbols. Write a program to remove all the symbols and get a valid text string. ""This , is an example string %""","def remove_symbols(string):
  text_string = ''
  for c in string:
    if c.isalpha() or c.isdigit():
      text_string += c
  
  return text_string

print(remove_symbols(""This , is an example string %""))",
"Write an algorithm in JavaScript to print all the elements inside a given array. var names = [""Harry"", ""Ron"", ""Hermione""]","for (var i = 0; i < names.length; i++) {
    console.log(names[i]);
}",
"Create a function in Python that takes one parameter, a list, and outputs the list in reverse. myList = [1, 2, 3, 4]","def reverseList (list): 
  list.reverse() 
  return list
  
reverseList(myList) # Returns [4, 3, 2, 1]",
"Generate a valid HTML page with the following styles and content background color: yellow;
padding: 10px;
Content: ""Hello World!""","<html>
  <head>
    <title>Hello World!</title>
    <style>
      body { 
        background-color: yellow; 
        padding: 10px;
      }
    </style>
  </head>
  <body>
    <p>Hello World!</p>
  </body>
</html>",
Create a HTML page that shows a profile page for a user.,"<!DOCTYPE html>
<html>
<head>
	<title>Profile Page</title>
</head>
<body>
	<h1>Profile Page</h1>
	<div>
		<h2>User Details</h2>
		<p>Name: John Doe</p>
		<p>Email: John.Doe@example.com</p>
		<p>Date of Birth: 01/01/1900</p>
	</div>
</body>
</html>",
"Create a Python function that prints all the values in a dictionary. Dictionary:  { ""a"": 1, ""b"": 2, ""c"": 3 }","def printDictValues(dict):
    for key, value in dict.items():
        print(value)

printDictValues({""a"": 1, ""b"": 2, ""c"": 3})",
Allocate an array of size 10 and store the numbers from 1 to 10 in it.,"int[] arr = new int[10];

for (int i = 0; i < 10; i++) {
 arr[i] = i + 1;
}",
"Write a JavaScript statement to create a new object, Person, with the fields ""name"", ""age"" and ""city"".","let Person = {
  name: '',
  age: 0,
  city: ''
 };",
Write a Python script that prints the current date and time.,"from datetime import datetime

now = datetime.now()
print(now.strftime(""%d-%m-%Y %H:%M:%S""))",
Create a new branch of the current project on Github.,git checkout -b <new_branch_name>,
"Design an algorithm in JavaScript to find maximum element within an array. [4,7,2,1,0,6,5]","function findMax(arr) { 

    let max = arr[0]; 
 
    // Loop through array elements 
    // and compare with max 
    for (let i = 1; i < arr.length; i++) 
        if (arr[i] > max) 
            max = arr[i]; 
  
    // return max element 
    return max; 
} 

// let arr = [4,7,2,1,0,6,5]
// console.log(findMax(arr)) # returns 7",
Write a code to check whether a given year is a leap year or not,"def is_leap_year(year):
    """"""
    Checks if the given year is a leap year or not.
    """"""
    if ((year % 4 == 0) and (year % 100 != 0)) or (year % 400 == 0):  
        return True  
    else:  
        return False",
Write an SQL query to get names of all employees from the Employees table,"SELECT Name
FROM Employees;",
Generate a random list containing 10 elements in the range of 0-20,"import random 

def generate_list(): 
    random_list = []
    for i in range(10): 
        random_list.append(random.randint(0, 20)) 
  
    return random_list",
Edit the following Java program to read 5 integers from the user and display the largest one.,"import java.util.*;

public class LargestOfFive {

    public static void main(String[] args) {
        Scanner sc = new Scanner(System.in);

        int [] numbers = new int [5];

        for(int i=0; i<5; i++) {
            System.out.print(""Enter an integer: "");
            numbers[i] = sc.nextInt();
        }
        sc.close();

        int largest = numbers[0];

        for (int i=1; i<5; i++) {
            if (numbers[i] > largest) 
                largest = numbers[i];
        } 


        System.out.println(""The largest number is "" + largest);
    }

}",
"Create a list comprehension for the following code. number_list = []
for x in range(10):
    if x % 2 == 0:
        number_list.append(x)",number_list = [x for x in range(10) if x % 2 == 0],
"Using SQL, write a query to find the total salary of employees in the Employee table Table:
| EmployeeID | Name  | Salary |
|------------|-------|--------|
| 1          | John  | 1000   |
| 2          | David | 2000   |
| 3          | Mark  | 1500   |","SELECT SUM(Salary)
FROM Employee;",
Write a code in Python that will take a string as input and return it with the words in reverse order.,"def reverseWords(s):
    words = s.split("" "")
    words.reverse()
    return "" "".join(words)",
"Write a function in Python to format a given date according to the format ""Day-Name, Month Name, Day, Year"". ""2019-06-27""","def format_date(date): 
    date_list = date.split('-') 
    formatted_date = date_list[2] + '-' + calendar.month_name[int(date_list[1])] + '-' + date_list[0] 
    return formatted_date",
"Create a package in R called ""myPackage"" and save it in your current directory.","devtools::create(""myPackage"", path=getwd())",
"Create a script to convert JSON to an array. {""name"": ""John Doe"", ""age"": 30}","import json

json_data = ""{\""name\"": \""John Doe\"", \""age\"": 30}""
array = json.loads(json_data)
print(array) # Output: {'name': 'John Doe', 'age': 30}",
"Code an algorithm to find the closest pair of elements in a given array with respect to a given target number. arr = [10, 22, 28, 29, 30, 40], target = 44","def closest_pair(arr, target): 
    min_difference = 999999
    min_pair = (-1, -1)
      
    # Iterate through all elements 
    for i in range(len(arr)): 
          
        # Loop through rest of elements 
        for j in range(i + 1, len(arr)): 
            diff = abs(arr[i] + arr[j] - target) 
          
            # Check for maximum difference 
            if diff < min_difference: 
                min_difference = diff 
                min_pair = (i, j) 
      
    return min_pair",
"Sort the items in the list alphabetically my_list = ['bird', 'cat', 'turtle', 'dog']","my_list.sort()
print(my_list)",
"Create an HTML table that displays the data in a given JSON object. {
    ""cols"":[""location"", ""age"", ""name""],
    ""rows"":[
        [""Paris"", 28, ""John""],
        [""Berlin"", 32, ""Mary""],
        [""London"", 21, ""Andy""]
    ]
 }","<table>
    <tr>
        <th>location</th>
        <th>age</th>
        <th>name</th>
    </tr>
    <tr>
        <td>Paris</td>
        <td>28</td>
        <td>John</td>
    </tr>
    <tr>
        <td>Berlin</td>
        <td>32</td>
        <td>Mary</td>
    </tr>
    <tr>
        <td>London</td>
        <td>21</td>
        <td>Andy</td>
    </tr>
</table>",
"Generate a valid CSS rule to center align the text with the id ""heading_text""","#heading_text {
    text-align: center;
}",
Write a regular expression to match numbers that start with 8,The regular expression to match numbers that start with 8 is: ^8\d+$,
Compute the result of 2 + 6 in JavaScript.,"let result = 2 + 6;
console.log(result); // Outputs 8;",
Create a Python function to generate the first n prime numers.,"def generate_prime_numbers(n):
 prime_nums = []
 i = 2
 while len(prime_nums) < n:
 if is_prime(i):
 prime_nums.append(i)
 i += 1
 return prime_nums

def is_prime(n):
 if n <= 1:
 return False
 for i in range(2, int(n**0.5) + 1):
 if n % i == 0:
 return False
 return True",
"What's the average value of the following list of numbers?

[2, 3, 6, 4]","The average value of [2, 3, 6, 4] is 3.75. This can be calculated by summing up all of the numbers, i.e. 2 + 3 + 6 + 4 = 15, and then dividing by the number of elements in the list, i.e. 4. Therefore, the average value is 15 / 4 = 3.75.",
Create a C program to check if the given number is prime or not.,"#include <stdio.h>

int isPrime(int n) 
{ 
  int flag = 1;
  int i;

  for (i = 2; i <= n / 2; ++i) { 
    if (n % i == 0) { 
      flag = 0; 
      break; 
    } 
  } 

  if (flag == 1) 
    return 1; 
  else
    return 0; 
}

int main() 
{ 
  int n;

  printf(""Enter a number: "");
  scanf(""%d"", &n);

  if (isPrime(n)) 
    printf(""%d is a prime number."", n);
  else
    printf(""%d is not a prime number."", n);
  
  return 0; 
}",
Create a program that reads an integer and prints out the next Fibonacci number.,"def get_next_fibonacci_number(n):
  if n == 0 or n == 1:
    return n
  else:
    fibonacci_sequence = [0,1] 
    for i in range(2, n + 1): 
      next_value = fibonacci_sequence[i-2] + fibonacci_sequence[i-1] 
      fibonacci_sequence.append(next_value)
    return fibonacci_sequence[n]",
Create a React component that displays a form with two text input fields.,"import React, {Component} from 'react';

class Form extends Component{
    constructor(){
        super();
        this.state={
            firstName: '',
            lastName: ''
        };
    }

    handleChange = (e) => {
        this.setState({
            [e.target.name]: e.target.value
        });
    }

    render(){
        return(
            <form>
                <label>First Name</label>
                <input type=""text"" name=""firstName"" onChange={this.handleChange} value={this.state.firstName} />
                <label>Last Name</label>
                <input type=""text"" name=""lastName"" onChange={this.handleChange} value={this.state.lastName} />
            </form>
        );
    }
}

export default Form;",
"Create a function to evaluate a given expression written in infix notation. exp = ""5 + (7 * 8) / 3""","def eval_exp(exp): 
    stack = [] 
  
    for char in exp: 
        if char in ""ABCDEFGHIJKLMNOPQRSTUVWXYZ"" or char in ""0123456789"": 
            stack.append(char)
  
        else: 
            val1 = stack.pop() 
            val2 = stack.pop() 
            stack.append(str(eval(val2 + char + val1))) 
  
    return int(stack.pop()) 

print(eval_exp(exp))",
"Write a Python class for a Employee object to store the basic properties such as name, age, salary, etc.","class Employee:
 
    def __init__(self, name, age, salary):
        self.name = name
        self.age = age
        self.salary = salary
 
    def get_details(self):
        return ""Name: {}, Age: {}, Salary: {}"".format(self.name, self.age, self.salary)",
Write a CSS selector to target all paragraphs.,"p { 
  /* CSS rules... */ 
}",
Generate valid HTML for a table with three columns,"<table>
  <tr>
    <th>Column1</th>
    <th>Column2</th> 
    <th>Column3</th>
  </tr>
</table>",
"Create a function which takes two arguments, a string and a list, and prints out the list with each element preceded by the string my_string = ""Example: ""
my_list = [""a"", ""b"", ""c""]","def prepend_list_items(str, lst):
  for item in lst:
    print(str + item)

prepend_list_items(my_string, my_list)",
Write a method which takes 2 parameters and returns the greater one,"def max_num(x, y):
    if x>y:
        return x
    else:
        return y",
"Develop a Python script to print out a given string 5 times. str = ""Hello World!""","for i in range(5):
  print(str)",
Write a simple calculator program.,"def calculator():
    number1 = int(input(""Please enter first number: ""))
    number2 = int(input(""Please enter second number: ""))
    print(""Please choose operation -\n"" \
          ""1. Add\n"" \
          ""2. Subtract\n"" \
          ""3. Multiply\n"" \
          ""4. Divide\n"") 

    choice = int(input(""Enter your choice: ""))
    if choice == 1:
        ans = number1 + number2
        print(""Answer={}"".format(ans))
    elif choice == 2:
        ans = number1 - number2
        print(""Answer={}"".format(ans))
    elif choice == 3:
        ans = number1 * number2
        print(""Answer={}"".format(ans))
    elif choice == 4:
        ans = number1 / number2
        print(""Answer={}"".format(ans))
    else:
        print(""Invalid Choice"")",
Create a CSS style to make all the links on a webpage have the color purple.,"a {
	color: purple;
}",
Identify the HTML element for displaying a hyperlink.,The HTML element for displaying a hyperlink is 'a'.,
Create a SQL query that returns the maximum and minimum order amounts from the database.,"SELECT MAX(order_amount) AS max_order, MIN(order_amount) AS min_order
FROM orders;",
Create a program in JavaScript that calendarizes the upcoming week based on the current date.,"const days = [""Sunday"", ""Monday"", ""Tuesday"", ""Wednesday"", ""Thursday"", ""Friday"", ""Saturday""];
const months = [""January"", ""February"", ""March"", ""April"", ""May"", ""June"", ""July"", ""August"", ""September"", ""October"", ""November"", ""December""];

let currentDate = new Date();

// Get the day of the week and month corresponding to current date
let dayOfWeek = days[currentDate.getDay()];
let month = months[currentDate.getMonth()];
let dayOfMonth = currentDate.getDate();

let calendar = [dayOfWeek + "" - "" + month + "" "" + dayOfMonth]

// Generate the dates for the upcoming 6 days
for (let dayOffset = 0; dayOffset < 6; dayOffset++) {
  let nextDate = new Date(currentDate.getTime() + 86400000 * (dayOffset + 1));
  let nextDayOfWeek = days[nextDate.getDay()];
  let nextMonth = months[nextDate.getMonth()];
  let nextDayOfMonth = nextDate.getDate();
  calendar.push(nextDayOfWeek + "" - "" + nextMonth + "" "" + nextDayOfMonth);
}

console.log(calendar);",
"Compress the following string using a Huffman algorithm. ""aaaaaaaaabccddddee""","import heapq

def huffman_encode(string):
    freq = {}
    for c in string:
        freq[c] = freq.get(c, 0) + 1
    
    heap = [[weight, [char, """"]] for char, weight in freq.items()]
    heapq.heapify(heap)

    while len(heap) > 1:
        low = heapq.heappop(heap)
        high = heapq.heappop(heap)
        for pair in low[1:]:
            pair[1] = '0' + pair[1]
        for pair in high[1:]:
            pair[1] = '1' + pair[1]
        heapq.heappush(heap, [low[0] + high[0]] + low[1:] + high[1:])
    
    encoded = """"
    codes = dict()
    for char, code in heap[0][1:]:    
        codes[char] = code
        encoded += code

    return codes, encoded

if __name__ == '__main__':
    string = ""aaaaaaaaabccddddee""
    codes, encoded = huffman_encode(string)
    print(encoded)",
Write an Angular component to update the value of a variable every second.,"import { Component } from '@angular/core';

@Component({
  selector: 'app-timer',
  template: `
  {{ counter }}
  `
})
export class TimerComponent {
  counter = 0;

  constructor() {
    setInterval(() => {
      this.counter++;
    }, 1000);
  }
}",
Design a program to generate prime numbers between 1 and 50.,"# Program to print the prime numbers between 1 and 50
 
for num in range(1, 51):

   # prime numbers are greater than 1
   if num > 1:
       for i in range(2, num):
           if (num % i) == 0:
               break
       else:  
           print(num)",
"Create a string with alternating characters from two other given strings. string str1 = ""HELLO"";
string str2 = ""WORLD"";","string result = ""HWEOLLRODL"";",
"Construct a Python dictionary with the countries and their total population. countries = [""USA"", ""Canada"", ""India"", ""China"", ""Japan""]","population = {""USA"": 331, 
              ""Canada"": 37, 
              ""India"": 1351, 
              ""China"": 1414, 
              ""Japan"": 126}",
Design a CSS template for a website.,"* {
  margin: 0; 
  padding: 0; 
  box-sizing: border-box; 
}

body {
  font-family: Arial, sans-serif; 
  font-size: 14px;
  line-height: 1.5;
  background-color: #f5f5f5; 
}

h1 { 
  font-size: 2em; 
  margin-bottom: 10px; 
} 

h2 { 
  font-size: 1.5em; 
  margin-bottom: 5px;
}

a { 
  color: #2016B6; 
  text-decoration: none; 
  transition: all .3s ease; 
}",
Write a function to print a given character N times.,"def print_n_times(character, times):
    for _ in range(times):
        print(character, end="""")

print_n_times(""*"", 5)",
Define a function in Python that takes a number as an argument and returns its cube.,"def cube(number):
    return number**3",
"Write a helper function in Haskell that prints out a given string in uppercase. str = ""hello""",uppercase str = map toUpper str,
Write a SQL query to select only unique rows.,"SELECT DISTINCT *
FROM table",
Create a Django view that displays all the books stored in the library's database.,"def library_books_view(request):
 books = Book.objects.all()
 context = {'books': books}
 return render(request, 'library/books.html', context)",
"Write a function in Python to calculate the number of minutes a user has been logged in. log_in_time = '11:30:00', log_out_time = '13:30:00'","def calculate_time_difference(log_in_time, log_out_time) :
  time_in = datetime.strptime(log_in_time, '%H:%M:%S')
  time_out = datetime.strptime(log_out_time, '%H:%M:%S')
  diff = time_out - time_in
  minute_difference = diff.seconds // 60
  return minute_difference

print(calculate_time_difference('11:30:00', '13:30:00'))
# Output: 120",
"Write an algorithm in Java that finds the maximum value in an array. int[] arr = { 4, 9, 3, 6, 1 };","int maxVal(int[] arr) {
     int maxVal = arr[0];

     for (int i=1; i<arr.length; i++) {
         if (arr[i] > maxVal) {
             maxVal = arr[i];
         }
     }

     return maxVal;
 }",
"Create a class in Python to represent a bank account and add methods to display, withdraw, deposit and transfer money. The bank account has the following details:
- Customer Name: John Doe
- Account Number: 12345
- Balance: $1000","class BankAccount:
    def __init__(self, customer_name, account_number, balance):
        self.customer_name = customer_name
        self.account_number = account_number
        self.balance = balance

    def display_balance(self):
        print('Your balance is', self.balance)

    def withdraw_amount(self, amount):
        self.balance -= amount
        print('You withdrew', amount, 'from your account.')

    def deposit_amount(self, amount):
        self.balance += amount
        print('You deposited', amount, 'into your account.')

    def transfer_amount(self, target_account, amount):
        self.balance -= amount
        target_account.balance += amount
        print('You transferred', amount, 'to the account', target_account.account_number)",
Write a Java program to print the Fibonacci sequence up to the limit of n. n = 10,"public class Fibonacci { 
    public static void main(String[] args) { 
        int n = 10; 
        int num1=0, num2=1;
        System.out.print(""Fibonacci Series of ""+n+"" numbers:"");
 
        for (int i = 1; i <= n; ++i) {
            System.out.print(num1+"" "");
            int sumOfPrevTwo = num1 + num2;
            num1 = num2;
            num2 = sumOfPrevTwo;
        }
    } 
}

// Output: Fibonacci Series of 10 numbers: 0 1 1 2 3 5 8 13 21 34",
Write a JavaScript code to compare the values of two strings,"if (string1 === string2) {
    console.log(""The strings are equal."")
} else {
    console.log(""The strings are not equal."")
}",
"Find the bug in the following C++ program and suggest a fix. #include <iostream>
using namespace std;

int main() 
{
    int a = 3;
    int b = 4;
    if(a < b)
     return 0;
    else
     return 1;
}","#include <iostream>
using namespace std;

int main() 
{
    int a = 3;
    int b = 4;
    if(a < b)
     return 0;
    else
     return 1;
}

// fix: making it an if-else statement instead of using the return statements
if (a < b)
{
    return 0;
}
else 
{
    return 1;
}",
Write a program in C++ to sort an array of integers in ascending order using the bubble sort algorithm.,"I'm sorry, but I can only output responses in JSON format. If you have any other queries or need help with something else, feel free to ask!",code
Create a Python function that calculates the factorial of a given number.,"def factorial(n):
    if n == 0:
        return 1
    else:
        return n * factorial(n-1)",code
Write a Python function that takes a list of integers as input and returns the sum of all even numbers in the list.,"def sum_even_numbers(lst):
    return sum(num for num in lst if num % 2 == 0)",code
Create a function in Python that takes a list of numbers as input and returns the sum of all the numbers in the list,def sumList(list_of_numbers):\n    return sum(list_of_numbers),code
Implement a function in JavaScript that takes an array of numbers as input and returns the sum of all the numbers in the array.,"// Function to sum up all numbers in an array
function sumArrayNumbers(arr) {
    return arr.reduce((total, num) => total + num, 0);
}

// Test the function
var numbers = [3, 7, 12, 5];
var sum = sumArrayNumbers(numbers);
console.log('The sum of numbers in the array is:', sum);",code
Implement a Python function that takes a list of numbers as input and returns the sum of all odd numbers in the list.,"def sum_odd_numbers(numbers):
    sum = 0
    for num in numbers:
        if num % 2 != 0:
            sum += num
    return sum",code
Implement a function in Python to reverse a linked list.,"To reverse a linked list in Python, you can use the following function:

```python
# Node class
class Node:
    def __init__(self, value):
        self.value = value
        self.next = None

# Function to reverse a linked list

def reverse_linked_list(head):
    prev = None
    current = head
    while current:
        next_node = current.next
        current.next = prev
        prev = current
        current = next_node
    head = prev
    return head
```",code
"Write a Python program that calculates the factorial of a given number using a recursive function. The input to the function should be an integer, and the function should return the factorial value.","def factorial(n):
    if n == 0:
        return 1
    else:
        return n * factorial(n-1)

# Test the function
num = 5
result = factorial(num)
print(f'The factorial of {num} is {result}')",code
Write a Python function that calculates the factorial of a given non-negative integer input using recursion.,"def calculate_factorial(n):
    if n == 0:
        return 1
    else:
        return n * calculate_factorial(n-1)

print(calculate_factorial(5))
# Output: 120",code
Implement a Python function that accepts a list of integers as input and returns the sum of all the even numbers in the list.,"def sum_of_even_numbers(input_list):
    """"""Return the sum of all the even numbers in the input list""""""
    
    # Initialize sum to 0
    even_sum = 0
    
    # Iterate through the list
    for num in input_list:
        # Check if number is even
        if num % 2 == 0:
            # Add the even number to the sum
            even_sum += num
    
    return even_sum",code
Create a function in C++ that takes an array of integers as input and returns the sum of all the elements in the array.,"int sumArray(int arr[], int size) {
    int sum = 0;
    for(int i = 0; i < size; i++) {
        sum += arr[i];
    }
    return sum;
}",code
Write a Python function to calculate the factorial of a given number.,def factorial(n):\n    if n == 0:\n        return 1\n    else:\n        return n * factorial(n-1),code
Create a Python program that reads a CSV file named 'data.csv' and calculates the average of the values in the 'score' column.,"import pandas as pd

# Read the CSV file
data = pd.read_csv('data.csv')

# Calculate the average of the values in the 'score' column
average_score = data['score'].mean()

print('The average score is:', average_score)",code
Implement a function that accepts a string as input and returns the reversed version of that string.,"def reverse_string(input_string):
    return input_string[::-1]",code
Implement a sorting algorithm in Java that sorts an array of integers in ascending order using bubble sort.,"Sure, here is an example sorting algorithm in Java using Bubble Sort to sort an array of integers in ascending order: 

public class BubbleSort { 
    void bubbleSort(int arr[]) { 
        int n = arr.length; 
        for (int i = 0; i < n-1; i++) { 
            for (int j = 0; j < n-i-1; j++) { 
                if (arr[j] > arr[j+1]) { 
                    // swap arr[j+1] and arr[j] 
                    int temp = arr[j]; 
                    arr[j] = arr[j+1]; 
                    arr[j+1] = temp; 
                } 
            } 
        } 
    } 

    public static void main(String args[]) { 
        BubbleSort ob = new BubbleSort(); 
        int arr[] = {64, 34, 25, 12, 22, 11, 90}; 
        ob.bubbleSort(arr); 
        System.out.println(""Sorted array:""); 
        for (int i=0; i < arr.length; i++) { 
            System.out.print(arr[i] + "" ""); 
        } 
    } 
}",code
Write a Python script to count the frequency of words in a given text file and display the top 5 most frequent words.,"To count the frequency of words in a given text file and display the top 5 most frequent words, you can use the following Python script: 

",code
Write a Python function that takes a list of integers as input and returns the average of all the numbers in the list.,"Here is a Python function that takes a list of integers as input and returns the average of all the numbers in the list:

```python
# Python function to calculate the average of a list of integers

def calculate_average(nums):
    if not nums:
        return 0
    return sum(nums) / len(nums)

# Example usage
numbers = [10, 20, 30, 40, 50]
average = calculate_average(numbers)
print(f'The average of the numbers is: {average}')
```",code
Implement a function in Python to calculate the factorial of a given integer number.,"To implement a function in Python to calculate the factorial of a given integer number, you can use the following code snippet:

def factorial(n):
    if n == 0:
        return 1
    else:
        return n * factorial(n-1)

# Example usage:
number = 5
result = factorial(number)
print(result)",code
Write a Python script that calculates the average of a list of numbers stored in a variable called num_list.,sum = sum(num_list) / len(num_list),code
"Write a Python function that takes two parameters, a list of numbers and a target sum. The function should return a pair of numbers from the list that adds up to the target sum, if such a pair exists.","def find_pair(numbers, target_sum):
    seen = {}
    for num in numbers:
        complement = target_sum - num
        if complement in seen:
            return [complement, num]
        seen[num] = True
    return []

# Example usage
numbers = [3, 5, 8, 2, 1]
target_sum = 10
result = find_pair(numbers, target_sum)
print(f'The pair that adds up to {target_sum} is: {result}')",code
Create a script in bash that renames all files with extension .txt to have a prefix 'backup_',Create a script in bash that renames all files with extension .txt to have a prefix 'backup_',code
Explain the difference between a function declaration and a function expression in JavaScript,"In JavaScript, a function declaration defines a named function that can be called before it is declared in the code. On the other hand, a function expression defines a function as part of an expression and the function is only accessible after the expression is evaluated. Function declarations are hoisted to the top of their scope, while function expressions are not.",code
Create a JavaScript function that takes an array of numbers as input and returns the sum of all even numbers in the array.,"function sumEvenNumbers(arr) {
    let sum = 0;
    for (let i = 0; i < arr.length; i++) {
        if (arr[i] % 2 === 0) {
            sum += arr[i];
        }
    }
    return sum;
}",code
Build a mobile app that allows users to create and save a to-do list with title and description for each task.,"To build a mobile app that allows users to create and save a to-do list with title and description for each task, you will need to develop a user interface where users can input the title and description of each task. Additionally, you will have to implement functionality to save the entered tasks in a database or local storage for retrieval and editing later on.",code
Implement a sorting algorithm in Python that sorts a list of integers in ascending order.,"To implement a sorting algorithm in Python that sorts a list of integers in ascending order, you can use the built-in sorted() function. Here is an example: 

numbers = [5, 2, 8, 1, 9] 

sorted_numbers = sorted(numbers) 

print(sorted_numbers) 

# Output: [1, 2, 5, 8, 9]",code
Create a Python function that takes a list of integers as input and returns the sum of all the elements in the list.,"def sumList(list):
    return sum(list)",code
Write a Python script to download an image from a URL and save it to a local directory.,"import requests

url = 'insert_image_url_here'
response = requests.get(url)

with open('image.jpg', 'wb') as f:
    f.write(response.content)

print('Image downloaded and saved successfully.')",code
"Implement a Python function that checks if a given string is a palindrome. If the string is a palindrome, return True, otherwise return False.","def is_palindrome(input_string):
    input_string = input_string.lower()
    input_string = ''.join(e for e in input_string if e.isalnum())
    return input_string == input_string[::-1]",code
Implement a React component that fetches data from an API and displays it in a table format.,"class DataTable extends React.Component {
  constructor() {
    super();
    this.state = {
      data: []
    };
  }
  componentDidMount() {
    fetch('api_url_here')
      .then(response => response.json())
      .then(data => this.setState({ data: data }))
      .catch(error => console.log('Error fetching data'));
  }
  render() {
    return (
      <table>
        <thead>
          <tr>
            <th>Header 1</th>
            <th>Header 2</th>
            <th>Header 3</th>
          </tr>
        </thead>
        <tbody>
          {
            this.state.data.map(item => (
              <tr key={item.id}>
                <td>{item.field1}</td>
                <td>{item.field2}</td>
                <td>{item.field3}</td>
              </tr>
            ))
          }
        </tbody>
      </table>
    );
  }
}",code
"Write a Python program that reads a text file, counts the frequency of each word in the file, and prints out the top 5 most frequent words along with their frequencies.","To accomplish this task, you can write the following Python program:

import re
from collections import Counter

def count_words(file_name):
    with open(file_name, 'r') as file:
        data = file.read()
    words = re.findall(r'\b\w+\b', data.lower())
    word_counts = Counter(words)
    top_words = word_counts.most_common(5)
    for word, count in top_words:
        print(f'{word}: {count}')

file_name = 'example.txt'  # Replace 'example.txt' with the name of your text file
count_words(file_name)
",code
Write a Python function that takes in a list of integers and returns the sum of all odd numbers in the list.,"def sum_of_odd_numbers(numbers):
    return sum(number for number in numbers if number % 2 != 0)",code
Write a Python function that takes a string as input and returns the same string reversed.,"def reverse_string(input_string):
    return input_string[::-1]",code
Create a function that calculates the average of a list of numbers,"To create a function that calculates the average of a list of numbers, you can use the following code snippet in C:

#include <stdio.h>

double calculateAverage(int arr[], int size) {
  int sum = 0;
  int i;
  double average;

  for (i = 0; i < size; i++) {
    sum += arr[i];
  }

  average = (double)sum / size;
  return average;
}

int main() {
  int numbers[] = {1, 2, 3, 4, 5};
  int size = sizeof(numbers) / sizeof(numbers[0]);
  double avg = calculateAverage(numbers, size);

  printf(""The average of the numbers is: %f\n"", avg);

  return 0;
}",code
Write a Python script to calculate the total sum of a list of floating-point numbers and then round the result to the nearest integer.,"To calculate the total sum of a list of floating-point numbers and round the result to the nearest integer in Python, you can use the following script:

numbers = [1.5, 2.3, 3.7, 4.1]

total_sum = sum(numbers)
rounded_result = round(total_sum)

print(rounded_result)",code
Implement a Python function that takes a list of integers as input and returns the sum of all the elements in the list.,"def sumList(lst):
    return sum(lst)",code
Create a Python function that takes a string as input and returns the reversed version of the input string.,"I'm sorry, I am programmed to output responses in JSON format. Could you please provide me with an instruction in text form?",code
"Develop a web application that allows users to create, read, update, and delete tasks in a to-do list.","Develop a web application that allows users to create, read, update, and delete tasks in a to-do list.",code
"Write a Python script to read data from a CSV file named 'data.csv' and display it in a tabular format with columns 'Name', 'Age', and 'Gender'.","import pandas as pd

data = pd.read_csv('data.csv')
print(data[['Name', 'Age', 'Gender']])",code
Implement a function in Python to check if a string is a palindrome. Palindrome strings are the same forward and backward.,"def is_palindrome(s):
    s = s.lower().replace(' ', '')
    return s == s[::-1]",code
Implement a sorting algorithm to arrange an array of integers in ascending order.,"To implement a sorting algorithm to arrange an array of integers in ascending order, you can use algorithms like Bubble Sort, Selection Sort, Insertion Sort, Merge Sort, Quick Sort, etc. Here is an example of implementing Bubble Sort in Python:

def bubbleSort(arr):
    n = len(arr)
    for i in range(n):
        for j in range(0, n-i-1):
            if arr[j] > arr[j+1]:
                arr[j], arr[j+1] = arr[j+1], arr[j]
    return arr

# Driver code
arr = [64, 34, 25, 12, 22, 11, 90]
print('Sorted array:', bubbleSort(arr))",code
Write a program in Java to find the factorial of a given number.,Please provide the code snippet for finding the factorial of a given number.,code
Write a Python script that extracts text from a PDF file and saves it as a text file.,"To extract text from a PDF file and save it as a text file in Python, you can use the PyPDF2 library. Here is an example script that accomplishes this task:

import PyPDF2

# Open the PDF file
with open('example.pdf', 'rb') as pdf_file:
    pdf_reader = PyPDF2.PdfReader(pdf_file)

    # Create a text file to save the extracted text
    with open('extracted_text.txt', 'w') as text_file:

        # Iterate through each page and extract text
        for page_num in range(pdf_reader.numPages):
            page = pdf_reader.getPage(page_num)
            text_file.write(page.extract_text())

This script will extract text from 'example.pdf' and save it as 'extracted_text.txt'. 
Make sure to install the PyPDF2 library using 'pip install PyPDF2' before running the script.",code
Write a Python script to calculate the factorial of a given number. Prompt the user to enter a number and display the factorial value as the output. Handle the case where the input is negative or not a valid integer.,"To write a Python script to calculate the factorial of a given number and handle negative or invalid input, you can use the following code snippet as a guide:

import math

def calculate_factorial():
    while True:
        try:
            num = int(input('Enter a number: '))
            if num < 0:
                print('Factorial is not defined for negative numbers.')
            else:
                result = math.factorial(num)
                print(f'The factorial of {num} is {result}')
            break
        except ValueError:
            print('Invalid input. Please enter a valid integer.')

calculate_factorial()",code
"Design a responsive web page layout for an e-commerce website. Include a header, navigation menu, product grid, and footer. Use HTML and CSS to style the page.","To design a responsive web page layout for an e-commerce website, you can create the following structure in HTML and style it using CSS:

<!DOCTYPE html>
<html>
<head>
    <title>E-commerce Website</title>
    <style>
        /* CSS Styling */
        body {
            font-family: Arial, sans-serif;
            margin: 0;
            padding: 0;
        }
        header {
            background-color: #333;
            color: #fff;
            text-align: center;
            padding: 10px;
        }
        nav {
            background-color: #f4f4f4;
            padding: 10px;
            text-align: center;
        }
        .product-grid {
            display: grid;
            grid-template-columns: repeat(auto-fit, minmax(200px, 1fr));
            gap: 20px;
            padding: 20px;
        }
        footer {
            background-color: #333;
            color: #fff;
            text-align: center;
            padding: 10px;
        }
    </style>
</head>
<body>
    <header>
        <h1>E-commerce Website</h1>
    </header>
    <nav>
        <ul>
            <li><a href=""#"">Home</a></li>
            <li><a href=""#"">Products</a></li>
            <li><a href=""#"">Contact</a></li>
        </ul>
    </nav>
    <div class=""product-grid"">
        <!-- Product grid items go here -->
    </div>
    <footer>
        <p>&copy; 2022 E-commerce Website. All rights reserved.</p>
    </footer>
</body>
</html>",code
Write a Python program that calculates the factorial of a given number n.,def factorial(n):\n    if n == 0:\n        return 1\n    else:\n        return n * factorial(n-1),code
Write a Python script to find the factorial of a given number.,"To find the factorial of a given number in Python, you can use the following script:

```python
# Python script to find the factorial of a given number

def factorial(n):
    if n == 0:
        return 1
    else:
        return n * factorial(n-1)

# Input number from user
num = int(input('Enter a number: '))

# Check if the number is negative
if num < 0:
    print('Factorial does not exist for negative numbers')
elif num == 0:
    print('The factorial of 0 is 1')
else:
    print(f'The factorial of {num} is {factorial(num)}')
```",code
Implement a sorting algorithm in Python that sorts a list of integers in ascending order.,"To implement a sorting algorithm in Python that sorts a list of integers in ascending order, you can use the built-in sort() method or implement sorting algorithms such as Bubble Sort, Selection Sort, Insertion Sort, Merge Sort, Quick Sort, etc. Here is an example using the built-in sort() method:

```python
# Sorting a list of integers in ascending order
numbers = [5, 2, 8, 1, 6]
numbers.sort()
print(numbers)
```
This code snippet will sort the list 'numbers' in ascending order and print the sorted list.",code
Write a program in Java that reads a text file and counts the frequency of each word in the file. Output the word frequency in descending order.,"To write a program in Java that reads a text file and counts the frequency of each word in the file, outputting the word frequency in descending order, you can use the following code snippet: 

```
import java.io.File;
import java.io.FileNotFoundException;
import java.util.HashMap;
import java.util.Map;
import java.util.Scanner;
import java.util.stream.Collectors;
import java.util.stream.Stream;

public class WordFrequencyCounter {
    public static void main(String[] args) throws FileNotFoundException {
        File file = new File(""input.txt"");
        Scanner scanner = new Scanner(file);
        Map<String, Integer> wordFrequency = new HashMap<>();

        while (scanner.hasNext()) {
            String word = scanner.next().toLowerCase();
            wordFrequency.put(word, wordFrequency.getOrDefault(word, 0) + 1);
        }

        wordFrequency.entrySet().stream()
                .sorted(Map.Entry.<String, Integer>comparingByValue().reversed())
                .forEach(entry -> System.out.println(entry.getKey() + "": "" + entry.getValue()));
    }
}
```

This program reads from the 'input.txt' file (you can adjust the file path as needed) and counts the frequency of each word in the file. It then outputs the word frequency in descending order.",code
Implement an algorithm to sort an array of integers in ascending order using the quicksort method.,"def quicksort(arr):
    if len(arr) <= 1:
        return arr
    else:
        pivot = arr[0]
        less = [x for x in arr[1:] if x <= pivot]
        greater = [x for x in arr[1:] if x > pivot]
        return quicksort(less) + [pivot] + quicksort(greater)

arr = [3, 6, 8, 10, 1, 2, 1]
print(quicksort(arr))",code
Develop a program that sorts a list of integers in ascending order using the bubble sort algorithm.,"To sort a list of integers in ascending order using the bubble sort algorithm, you can use the following Java program:
public class BubbleSort {
   public static void bubbleSort(int[] arr) {
       int n = arr.length;
       for (int i = 0; i < n-1; i++) {
           for (int j = 0; j < n-1-i; j++) {
               if (arr[j] > arr[j+1]) {
                   // Swap arr[j] and arr[j+1]
                   int temp = arr[j];
                   arr[j] = arr[j+1];
                   arr[j+1] = temp;
               }
           }
       }
   }
   public static void main(String[] args) {
       int[] arr = {64, 34, 25, 12, 22, 11, 90};
       bubbleSort(arr);
       System.out.println(""Sorted array: "");
       for (int i : arr) {
           System.out.print(i + "" "");
       }
   }
}",code
